/*
AUTOR: DAVID RODRIGUEZ RIVERA
FECHA: 21/02/2021
DESC: INSERT INICIAL DEL INVENTARIO DE LA FABRICA
*/

 
 DECLARE
VALOR NUMBER :=1;
 BEGIN 
 
 
-- INSERTS EN TABLAS DE TIPO DE DOCUMENTO

INSERT INTO  DB_FABRICA.INV_TIPIDEN(TIPIDEN_CODIGO,TIPIDEN_DESCTIPCION) VALUES (1,'CEDULA CIUDADANIA');
INSERT INTO  DB_FABRICA.INV_TIPIDEN(TIPIDEN_CODIGO,TIPIDEN_DESCTIPCION) VALUES (2,'CEDULA EXTRANJERIA');
INSERT INTO  DB_FABRICA.INV_TIPIDEN(TIPIDEN_CODIGO,TIPIDEN_DESCTIPCION) VALUES (3,'PASAPORTE'); 
COMMIT;

-- INSERTS VENDEDORES INICIALES
INSERT INTO DB_FABRICA.INV_VENDEDORES(VENDEDOR_CODIGO,VENDEDOR_NOMBRES ,VENDEDOR_APELLIDOS,VENDEDOR_TELEFONO,VENDEDOR_TIPIDEN,VENDEDOR_IDENTIFICACION,VENDEDOR_DIRECCION,VENDEDOR_ACTIVO) 
                              VALUES (1,'LISBETH','RIVERA MANTILLA','3196181508',1,'46662805','CALLE 13 SUR 14 61 ESTE',1);
INSERT INTO DB_FABRICA.INV_VENDEDORES(VENDEDOR_CODIGO,VENDEDOR_NOMBRES ,VENDEDOR_APELLIDOS,VENDEDOR_TELEFONO,VENDEDOR_TIPIDEN,VENDEDOR_IDENTIFICACION,VENDEDOR_DIRECCION,VENDEDOR_ACTIVO) 
                              VALUES (2,'DAVID','RODRIGUEZ RIVERA','3124379303',1,'1010209828','CALLE 13 SUR 14 61 ESTE',1); 
COMMIT;                              
 
-- INSERTS EN LA TABLA DE REFERENCIAS DEL INVENTARIO
INSERT INTO DB_FABRICA.INV_REFERENCIAS (REF_CODIGO,REF_DESCRIPCION) VALUES (1,'BUSO CON CAPOTA UNISEX');
INSERT INTO DB_FABRICA.INV_REFERENCIAS (REF_CODIGO,REF_DESCRIPCION) VALUES (2,'BUSO SIN CAPOTA UNISEX');
INSERT INTO DB_FABRICA.INV_REFERENCIAS (REF_CODIGO,REF_DESCRIPCION) VALUES (3,'BUSO PARA NIÑOS UNISEX');

COMMIT;
  
-- INSERTS EN LA TABLA DE COLORES DEL INVENTARIO
INSERT INTO DB_FABRICA.INV_COLORES (COLOR_CODIGO,COLOR_DESCRIPCION,COLOR_CODIGO_HTML) VALUES (1,'VERDE NEON','');
INSERT INTO DB_FABRICA.INV_COLORES (COLOR_CODIGO,COLOR_DESCRIPCION,COLOR_CODIGO_HTML) VALUES (2,'VERDE MENTA','');
INSERT INTO DB_FABRICA.INV_COLORES (COLOR_CODIGO,COLOR_DESCRIPCION,COLOR_CODIGO_HTML) VALUES (3,'VERDE CALI','');
INSERT INTO DB_FABRICA.INV_COLORES (COLOR_CODIGO,COLOR_DESCRIPCION,COLOR_CODIGO_HTML) VALUES (4,'AZUL OSCURO','');
INSERT INTO DB_FABRICA.INV_COLORES (COLOR_CODIGO,COLOR_DESCRIPCION,COLOR_CODIGO_HTML) VALUES (5,'AZUL AGUAMARINA','');
INSERT INTO DB_FABRICA.INV_COLORES (COLOR_CODIGO,COLOR_DESCRIPCION,COLOR_CODIGO_HTML) VALUES (6,'AZUL REY','');
INSERT INTO DB_FABRICA.INV_COLORES (COLOR_CODIGO,COLOR_DESCRIPCION,COLOR_CODIGO_HTML) VALUES (7,'GRIS JASPE','');
INSERT INTO DB_FABRICA.INV_COLORES (COLOR_CODIGO,COLOR_DESCRIPCION,COLOR_CODIGO_HTML) VALUES (8,'GRIS RATON','');
INSERT INTO DB_FABRICA.INV_COLORES (COLOR_CODIGO,COLOR_DESCRIPCION,COLOR_CODIGO_HTML) VALUES (9,'BLANCO','');
INSERT INTO DB_FABRICA.INV_COLORES (COLOR_CODIGO,COLOR_DESCRIPCION,COLOR_CODIGO_HTML) VALUES (10,'AVENA','');
INSERT INTO DB_FABRICA.INV_COLORES (COLOR_CODIGO,COLOR_DESCRIPCION,COLOR_CODIGO_HTML) VALUES (11,'ROJO','');
INSERT INTO DB_FABRICA.INV_COLORES (COLOR_CODIGO,COLOR_DESCRIPCION,COLOR_CODIGO_HTML) VALUES (12,'VINOTINTO','');
INSERT INTO DB_FABRICA.INV_COLORES (COLOR_CODIGO,COLOR_DESCRIPCION,COLOR_CODIGO_HTML) VALUES (13,'NARANJA NEON','');
INSERT INTO DB_FABRICA.INV_COLORES (COLOR_CODIGO,COLOR_DESCRIPCION,COLOR_CODIGO_HTML) VALUES (14,'PALO DE ROSA','');
INSERT INTO DB_FABRICA.INV_COLORES (COLOR_CODIGO,COLOR_DESCRIPCION,COLOR_CODIGO_HTML) VALUES (15,'ROSADO BARBIE','');
INSERT INTO DB_FABRICA.INV_COLORES (COLOR_CODIGO,COLOR_DESCRIPCION,COLOR_CODIGO_HTML) VALUES (16,'MOSTAZA','');
INSERT INTO DB_FABRICA.INV_COLORES (COLOR_CODIGO,COLOR_DESCRIPCION,COLOR_CODIGO_HTML) VALUES (17,'CAFE','');
INSERT INTO DB_FABRICA.INV_COLORES (COLOR_CODIGO,COLOR_DESCRIPCION,COLOR_CODIGO_HTML) VALUES (18,'LILA','');
INSERT INTO DB_FABRICA.INV_COLORES (COLOR_CODIGO,COLOR_DESCRIPCION,COLOR_CODIGO_HTML) VALUES (19,'NEGRO','');
INSERT INTO DB_FABRICA.INV_COLORES (COLOR_CODIGO,COLOR_DESCRIPCION,COLOR_CODIGO_HTML) VALUES (20,'MORADO','');
INSERT INTO DB_FABRICA.INV_COLORES (COLOR_CODIGO,COLOR_DESCRIPCION,COLOR_CODIGO_HTML) VALUES (21,'AMARILLO POLLO','');
COMMIT;

-- INSERTS EN LA TABLA DE TALLAS 
INSERT INTO DB_FABRICA.INV_TALLAS (TALLA_CODIGO,TALLA_DESCRIPCION) VALUES (1,'XS');
INSERT INTO DB_FABRICA.INV_TALLAS (TALLA_CODIGO,TALLA_DESCRIPCION) VALUES (2,'S');
INSERT INTO DB_FABRICA.INV_TALLAS (TALLA_CODIGO,TALLA_DESCRIPCION) VALUES (3,'M');
INSERT INTO DB_FABRICA.INV_TALLAS (TALLA_CODIGO,TALLA_DESCRIPCION) VALUES (4,'L');
INSERT INTO DB_FABRICA.INV_TALLAS (TALLA_CODIGO,TALLA_DESCRIPCION) VALUES (5,'XL');
INSERT INTO DB_FABRICA.INV_TALLAS (TALLA_CODIGO,TALLA_DESCRIPCION) VALUES (6,'XXL');
INSERT INTO DB_FABRICA.INV_TALLAS (TALLA_CODIGO,TALLA_DESCRIPCION) VALUES (7,'2');
INSERT INTO DB_FABRICA.INV_TALLAS (TALLA_CODIGO,TALLA_DESCRIPCION) VALUES (8,'4');
INSERT INTO DB_FABRICA.INV_TALLAS (TALLA_CODIGO,TALLA_DESCRIPCION) VALUES (9,'6');
INSERT INTO DB_FABRICA.INV_TALLAS (TALLA_CODIGO,TALLA_DESCRIPCION) VALUES (10,'8');
INSERT INTO DB_FABRICA.INV_TALLAS (TALLA_CODIGO,TALLA_DESCRIPCION) VALUES (11,'10');
INSERT INTO DB_FABRICA.INV_TALLAS (TALLA_CODIGO,TALLA_DESCRIPCION) VALUES (12,'12');
INSERT INTO DB_FABRICA.INV_TALLAS (TALLA_CODIGO,TALLA_DESCRIPCION) VALUES (13,'14');
INSERT INTO DB_FABRICA.INV_TALLAS (TALLA_CODIGO,TALLA_DESCRIPCION) VALUES (14,'16');
COMMIT;
-- INSERTS EN LA TABLA DE INVENTARIO (INICIALMENTE SE COLOCARAÁN 6 UNIDADES POR REFERENCIA- TALLA - COLOR)
 -- todos los colores en xs con capota
 
INSERT INTO DB_FABRICA.INV_INVENTARIO(INVENTARIO_CODIGO,REF_CODIGO,TALLA_CODIGO,COLOR_CODIGO,CANTIDAD) VALUES ((VALOR),1,1,1,6); 
 VALOR := VALOR + 1;
INSERT INTO DB_FABRICA.INV_INVENTARIO(INVENTARIO_CODIGO,REF_CODIGO,TALLA_CODIGO,COLOR_CODIGO,CANTIDAD) VALUES ((VALOR),1,1,2,6); 
 VALOR := VALOR + 1;
INSERT INTO DB_FABRICA.INV_INVENTARIO(INVENTARIO_CODIGO,REF_CODIGO,TALLA_CODIGO,COLOR_CODIGO,CANTIDAD) VALUES ((VALOR),1,1,3,6); 
 VALOR := VALOR + 1;
INSERT INTO DB_FABRICA.INV_INVENTARIO(INVENTARIO_CODIGO,REF_CODIGO,TALLA_CODIGO,COLOR_CODIGO,CANTIDAD) VALUES ((VALOR),1,1,4,6); 
 VALOR := VALOR + 1;
INSERT INTO DB_FABRICA.INV_INVENTARIO(INVENTARIO_CODIGO,REF_CODIGO,TALLA_CODIGO,COLOR_CODIGO,CANTIDAD) VALUES ((VALOR),1,1,5,6); 
 VALOR := VALOR + 1;
INSERT INTO DB_FABRICA.INV_INVENTARIO(INVENTARIO_CODIGO,REF_CODIGO,TALLA_CODIGO,COLOR_CODIGO,CANTIDAD) VALUES ((VALOR),1,1,6,6); 
 VALOR := VALOR + 1;
INSERT INTO DB_FABRICA.INV_INVENTARIO(INVENTARIO_CODIGO,REF_CODIGO,TALLA_CODIGO,COLOR_CODIGO,CANTIDAD) VALUES ((VALOR),1,1,7,6); 
 VALOR := VALOR + 1;
INSERT INTO DB_FABRICA.INV_INVENTARIO(INVENTARIO_CODIGO,REF_CODIGO,TALLA_CODIGO,COLOR_CODIGO,CANTIDAD) VALUES ((VALOR),1,1,8,6); 
 VALOR := VALOR + 1;
INSERT INTO DB_FABRICA.INV_INVENTARIO(INVENTARIO_CODIGO,REF_CODIGO,TALLA_CODIGO,COLOR_CODIGO,CANTIDAD) VALUES ((VALOR),1,1,9,6); 
 VALOR := VALOR + 1;
INSERT INTO DB_FABRICA.INV_INVENTARIO(INVENTARIO_CODIGO,REF_CODIGO,TALLA_CODIGO,COLOR_CODIGO,CANTIDAD) VALUES ((VALOR),1,1,10,6); 
 VALOR := VALOR + 1;
INSERT INTO DB_FABRICA.INV_INVENTARIO(INVENTARIO_CODIGO,REF_CODIGO,TALLA_CODIGO,COLOR_CODIGO,CANTIDAD) VALUES ((VALOR),1,1,11,6); 
 VALOR := VALOR + 1;
INSERT INTO DB_FABRICA.INV_INVENTARIO(INVENTARIO_CODIGO,REF_CODIGO,TALLA_CODIGO,COLOR_CODIGO,CANTIDAD) VALUES ((VALOR),1,1,12,6); 
 VALOR := VALOR + 1;
INSERT INTO DB_FABRICA.INV_INVENTARIO(INVENTARIO_CODIGO,REF_CODIGO,TALLA_CODIGO,COLOR_CODIGO,CANTIDAD) VALUES ((VALOR),1,1,13,6); 
 VALOR := VALOR + 1;
INSERT INTO DB_FABRICA.INV_INVENTARIO(INVENTARIO_CODIGO,REF_CODIGO,TALLA_CODIGO,COLOR_CODIGO,CANTIDAD) VALUES ((VALOR),1,1,14,6); 
 VALOR := VALOR + 1;
INSERT INTO DB_FABRICA.INV_INVENTARIO(INVENTARIO_CODIGO,REF_CODIGO,TALLA_CODIGO,COLOR_CODIGO,CANTIDAD) VALUES ((VALOR),1,1,15,6); 
 VALOR := VALOR + 1;
INSERT INTO DB_FABRICA.INV_INVENTARIO(INVENTARIO_CODIGO,REF_CODIGO,TALLA_CODIGO,COLOR_CODIGO,CANTIDAD) VALUES ((VALOR),1,1,16,6); 
 VALOR := VALOR + 1;
INSERT INTO DB_FABRICA.INV_INVENTARIO(INVENTARIO_CODIGO,REF_CODIGO,TALLA_CODIGO,COLOR_CODIGO,CANTIDAD) VALUES ((VALOR),1,1,17,6); 
 VALOR := VALOR + 1;
INSERT INTO DB_FABRICA.INV_INVENTARIO(INVENTARIO_CODIGO,REF_CODIGO,TALLA_CODIGO,COLOR_CODIGO,CANTIDAD) VALUES ((VALOR),1,1,18,6); 
 VALOR := VALOR + 1;
INSERT INTO DB_FABRICA.INV_INVENTARIO(INVENTARIO_CODIGO,REF_CODIGO,TALLA_CODIGO,COLOR_CODIGO,CANTIDAD) VALUES ((VALOR),1,1,19,6); 
 VALOR := VALOR + 1;
INSERT INTO DB_FABRICA.INV_INVENTARIO(INVENTARIO_CODIGO,REF_CODIGO,TALLA_CODIGO,COLOR_CODIGO,CANTIDAD) VALUES ((VALOR),1,1,20,6); 
 VALOR := VALOR + 1;
INSERT INTO DB_FABRICA.INV_INVENTARIO(INVENTARIO_CODIGO,REF_CODIGO,TALLA_CODIGO,COLOR_CODIGO,CANTIDAD) VALUES ((VALOR),1,1,21,6); 
 VALOR := VALOR + 1;
COMMIT;

 -- todos los colores en s con capota
INSERT INTO DB_FABRICA.INV_INVENTARIO(INVENTARIO_CODIGO,REF_CODIGO,TALLA_CODIGO,COLOR_CODIGO,CANTIDAD) VALUES ((VALOR),1,2,1,6); 
 VALOR := VALOR + 1;
INSERT INTO DB_FABRICA.INV_INVENTARIO(INVENTARIO_CODIGO,REF_CODIGO,TALLA_CODIGO,COLOR_CODIGO,CANTIDAD) VALUES ((VALOR),1,2,2,6); 
 VALOR := VALOR + 1;
INSERT INTO DB_FABRICA.INV_INVENTARIO(INVENTARIO_CODIGO,REF_CODIGO,TALLA_CODIGO,COLOR_CODIGO,CANTIDAD) VALUES ((VALOR),1,2,3,6); 
 VALOR := VALOR + 1;
INSERT INTO DB_FABRICA.INV_INVENTARIO(INVENTARIO_CODIGO,REF_CODIGO,TALLA_CODIGO,COLOR_CODIGO,CANTIDAD) VALUES ((VALOR),1,2,4,6); 
 VALOR := VALOR + 1;
INSERT INTO DB_FABRICA.INV_INVENTARIO(INVENTARIO_CODIGO,REF_CODIGO,TALLA_CODIGO,COLOR_CODIGO,CANTIDAD) VALUES ((VALOR),1,2,5,6); 
 VALOR := VALOR + 1;
INSERT INTO DB_FABRICA.INV_INVENTARIO(INVENTARIO_CODIGO,REF_CODIGO,TALLA_CODIGO,COLOR_CODIGO,CANTIDAD) VALUES ((VALOR),1,2,6,6); 
 VALOR := VALOR + 1;
INSERT INTO DB_FABRICA.INV_INVENTARIO(INVENTARIO_CODIGO,REF_CODIGO,TALLA_CODIGO,COLOR_CODIGO,CANTIDAD) VALUES ((VALOR),1,2,7,6); 
 VALOR := VALOR + 1;
INSERT INTO DB_FABRICA.INV_INVENTARIO(INVENTARIO_CODIGO,REF_CODIGO,TALLA_CODIGO,COLOR_CODIGO,CANTIDAD) VALUES ((VALOR),1,2,8,6); 
 VALOR := VALOR + 1;
INSERT INTO DB_FABRICA.INV_INVENTARIO(INVENTARIO_CODIGO,REF_CODIGO,TALLA_CODIGO,COLOR_CODIGO,CANTIDAD) VALUES ((VALOR),1,2,9,6); 
 VALOR := VALOR + 1;
INSERT INTO DB_FABRICA.INV_INVENTARIO(INVENTARIO_CODIGO,REF_CODIGO,TALLA_CODIGO,COLOR_CODIGO,CANTIDAD) VALUES ((VALOR),1,2,10,6); 
 VALOR := VALOR + 1;
INSERT INTO DB_FABRICA.INV_INVENTARIO(INVENTARIO_CODIGO,REF_CODIGO,TALLA_CODIGO,COLOR_CODIGO,CANTIDAD) VALUES ((VALOR),1,2,11,6); 
 VALOR := VALOR + 1;
INSERT INTO DB_FABRICA.INV_INVENTARIO(INVENTARIO_CODIGO,REF_CODIGO,TALLA_CODIGO,COLOR_CODIGO,CANTIDAD) VALUES ((VALOR),1,2,12,6); 
 VALOR := VALOR + 1;
INSERT INTO DB_FABRICA.INV_INVENTARIO(INVENTARIO_CODIGO,REF_CODIGO,TALLA_CODIGO,COLOR_CODIGO,CANTIDAD) VALUES ((VALOR),1,2,13,6); 
 VALOR := VALOR + 1;
INSERT INTO DB_FABRICA.INV_INVENTARIO(INVENTARIO_CODIGO,REF_CODIGO,TALLA_CODIGO,COLOR_CODIGO,CANTIDAD) VALUES ((VALOR),1,2,14,6); 
 VALOR := VALOR + 1;
INSERT INTO DB_FABRICA.INV_INVENTARIO(INVENTARIO_CODIGO,REF_CODIGO,TALLA_CODIGO,COLOR_CODIGO,CANTIDAD) VALUES ((VALOR),1,2,15,6); 
 VALOR := VALOR + 1;
INSERT INTO DB_FABRICA.INV_INVENTARIO(INVENTARIO_CODIGO,REF_CODIGO,TALLA_CODIGO,COLOR_CODIGO,CANTIDAD) VALUES ((VALOR),1,2,16,6); 
 VALOR := VALOR + 1;
INSERT INTO DB_FABRICA.INV_INVENTARIO(INVENTARIO_CODIGO,REF_CODIGO,TALLA_CODIGO,COLOR_CODIGO,CANTIDAD) VALUES ((VALOR),1,2,17,6); 
 VALOR := VALOR + 1;
INSERT INTO DB_FABRICA.INV_INVENTARIO(INVENTARIO_CODIGO,REF_CODIGO,TALLA_CODIGO,COLOR_CODIGO,CANTIDAD) VALUES ((VALOR),1,2,18,6); 
 VALOR := VALOR + 1;
INSERT INTO DB_FABRICA.INV_INVENTARIO(INVENTARIO_CODIGO,REF_CODIGO,TALLA_CODIGO,COLOR_CODIGO,CANTIDAD) VALUES ((VALOR),1,2,19,6); 
 VALOR := VALOR + 1;
INSERT INTO DB_FABRICA.INV_INVENTARIO(INVENTARIO_CODIGO,REF_CODIGO,TALLA_CODIGO,COLOR_CODIGO,CANTIDAD) VALUES ((VALOR),1,2,20,6); 
 VALOR := VALOR + 1;
INSERT INTO DB_FABRICA.INV_INVENTARIO(INVENTARIO_CODIGO,REF_CODIGO,TALLA_CODIGO,COLOR_CODIGO,CANTIDAD) VALUES ((VALOR),1,2,21,6); 
 VALOR := VALOR + 1;
COMMIT;
 -- todos los colores en M con capota
INSERT INTO DB_FABRICA.INV_INVENTARIO(INVENTARIO_CODIGO,REF_CODIGO,TALLA_CODIGO,COLOR_CODIGO,CANTIDAD) VALUES ((VALOR),1,3,1,6); 
 VALOR := VALOR + 1;
INSERT INTO DB_FABRICA.INV_INVENTARIO(INVENTARIO_CODIGO,REF_CODIGO,TALLA_CODIGO,COLOR_CODIGO,CANTIDAD) VALUES ((VALOR),1,3,2,6); 
 VALOR := VALOR + 1;
INSERT INTO DB_FABRICA.INV_INVENTARIO(INVENTARIO_CODIGO,REF_CODIGO,TALLA_CODIGO,COLOR_CODIGO,CANTIDAD) VALUES ((VALOR),1,3,3,6); 
 VALOR := VALOR + 1;
INSERT INTO DB_FABRICA.INV_INVENTARIO(INVENTARIO_CODIGO,REF_CODIGO,TALLA_CODIGO,COLOR_CODIGO,CANTIDAD) VALUES ((VALOR),1,3,4,6); 
 VALOR := VALOR + 1;
INSERT INTO DB_FABRICA.INV_INVENTARIO(INVENTARIO_CODIGO,REF_CODIGO,TALLA_CODIGO,COLOR_CODIGO,CANTIDAD) VALUES ((VALOR),1,3,5,6); 
 VALOR := VALOR + 1;
INSERT INTO DB_FABRICA.INV_INVENTARIO(INVENTARIO_CODIGO,REF_CODIGO,TALLA_CODIGO,COLOR_CODIGO,CANTIDAD) VALUES ((VALOR),1,3,6,6); 
 VALOR := VALOR + 1;
INSERT INTO DB_FABRICA.INV_INVENTARIO(INVENTARIO_CODIGO,REF_CODIGO,TALLA_CODIGO,COLOR_CODIGO,CANTIDAD) VALUES ((VALOR),1,3,7,6); 
 VALOR := VALOR + 1;
INSERT INTO DB_FABRICA.INV_INVENTARIO(INVENTARIO_CODIGO,REF_CODIGO,TALLA_CODIGO,COLOR_CODIGO,CANTIDAD) VALUES ((VALOR),1,3,8,6); 
 VALOR := VALOR + 1;
INSERT INTO DB_FABRICA.INV_INVENTARIO(INVENTARIO_CODIGO,REF_CODIGO,TALLA_CODIGO,COLOR_CODIGO,CANTIDAD) VALUES ((VALOR),1,3,9,6); 
 VALOR := VALOR + 1;
INSERT INTO DB_FABRICA.INV_INVENTARIO(INVENTARIO_CODIGO,REF_CODIGO,TALLA_CODIGO,COLOR_CODIGO,CANTIDAD) VALUES ((VALOR),1,3,10,6); 
 VALOR := VALOR + 1;
INSERT INTO DB_FABRICA.INV_INVENTARIO(INVENTARIO_CODIGO,REF_CODIGO,TALLA_CODIGO,COLOR_CODIGO,CANTIDAD) VALUES ((VALOR),1,3,11,6); 
 VALOR := VALOR + 1;
INSERT INTO DB_FABRICA.INV_INVENTARIO(INVENTARIO_CODIGO,REF_CODIGO,TALLA_CODIGO,COLOR_CODIGO,CANTIDAD) VALUES ((VALOR),1,3,12,6); 
 VALOR := VALOR + 1;
INSERT INTO DB_FABRICA.INV_INVENTARIO(INVENTARIO_CODIGO,REF_CODIGO,TALLA_CODIGO,COLOR_CODIGO,CANTIDAD) VALUES ((VALOR),1,3,13,6); 
 VALOR := VALOR + 1;
INSERT INTO DB_FABRICA.INV_INVENTARIO(INVENTARIO_CODIGO,REF_CODIGO,TALLA_CODIGO,COLOR_CODIGO,CANTIDAD) VALUES ((VALOR),1,3,14,6); 
 VALOR := VALOR + 1;
INSERT INTO DB_FABRICA.INV_INVENTARIO(INVENTARIO_CODIGO,REF_CODIGO,TALLA_CODIGO,COLOR_CODIGO,CANTIDAD) VALUES ((VALOR),1,3,15,6); 
 VALOR := VALOR + 1;
INSERT INTO DB_FABRICA.INV_INVENTARIO(INVENTARIO_CODIGO,REF_CODIGO,TALLA_CODIGO,COLOR_CODIGO,CANTIDAD) VALUES ((VALOR),1,3,16,6); 
 VALOR := VALOR + 1;
INSERT INTO DB_FABRICA.INV_INVENTARIO(INVENTARIO_CODIGO,REF_CODIGO,TALLA_CODIGO,COLOR_CODIGO,CANTIDAD) VALUES ((VALOR),1,3,17,6); 
 VALOR := VALOR + 1;
INSERT INTO DB_FABRICA.INV_INVENTARIO(INVENTARIO_CODIGO,REF_CODIGO,TALLA_CODIGO,COLOR_CODIGO,CANTIDAD) VALUES ((VALOR),1,3,18,6); 
 VALOR := VALOR + 1;
INSERT INTO DB_FABRICA.INV_INVENTARIO(INVENTARIO_CODIGO,REF_CODIGO,TALLA_CODIGO,COLOR_CODIGO,CANTIDAD) VALUES ((VALOR),1,3,19,6); 
 VALOR := VALOR + 1;
INSERT INTO DB_FABRICA.INV_INVENTARIO(INVENTARIO_CODIGO,REF_CODIGO,TALLA_CODIGO,COLOR_CODIGO,CANTIDAD) VALUES ((VALOR),1,3,20,6); 
 VALOR := VALOR + 1;
INSERT INTO DB_FABRICA.INV_INVENTARIO(INVENTARIO_CODIGO,REF_CODIGO,TALLA_CODIGO,COLOR_CODIGO,CANTIDAD) VALUES ((VALOR),1,3,21,6); 
 VALOR := VALOR + 1;
COMMIT;
 -- todos los colores en L con capota
INSERT INTO DB_FABRICA.INV_INVENTARIO(INVENTARIO_CODIGO,REF_CODIGO,TALLA_CODIGO,COLOR_CODIGO,CANTIDAD) VALUES ((VALOR),1,4,1,6); 
 VALOR := VALOR + 1;
INSERT INTO DB_FABRICA.INV_INVENTARIO(INVENTARIO_CODIGO,REF_CODIGO,TALLA_CODIGO,COLOR_CODIGO,CANTIDAD) VALUES ((VALOR),1,4,2,6); 
 VALOR := VALOR + 1;
INSERT INTO DB_FABRICA.INV_INVENTARIO(INVENTARIO_CODIGO,REF_CODIGO,TALLA_CODIGO,COLOR_CODIGO,CANTIDAD) VALUES ((VALOR),1,4,3,6); 
 VALOR := VALOR + 1;
INSERT INTO DB_FABRICA.INV_INVENTARIO(INVENTARIO_CODIGO,REF_CODIGO,TALLA_CODIGO,COLOR_CODIGO,CANTIDAD) VALUES ((VALOR),1,4,4,6); 
 VALOR := VALOR + 1;
INSERT INTO DB_FABRICA.INV_INVENTARIO(INVENTARIO_CODIGO,REF_CODIGO,TALLA_CODIGO,COLOR_CODIGO,CANTIDAD) VALUES ((VALOR),1,4,5,6); 
 VALOR := VALOR + 1;
INSERT INTO DB_FABRICA.INV_INVENTARIO(INVENTARIO_CODIGO,REF_CODIGO,TALLA_CODIGO,COLOR_CODIGO,CANTIDAD) VALUES ((VALOR),1,4,6,6); 
 VALOR := VALOR + 1;
INSERT INTO DB_FABRICA.INV_INVENTARIO(INVENTARIO_CODIGO,REF_CODIGO,TALLA_CODIGO,COLOR_CODIGO,CANTIDAD) VALUES ((VALOR),1,4,7,6); 
 VALOR := VALOR + 1;
INSERT INTO DB_FABRICA.INV_INVENTARIO(INVENTARIO_CODIGO,REF_CODIGO,TALLA_CODIGO,COLOR_CODIGO,CANTIDAD) VALUES ((VALOR),1,4,8,6); 
 VALOR := VALOR + 1;
INSERT INTO DB_FABRICA.INV_INVENTARIO(INVENTARIO_CODIGO,REF_CODIGO,TALLA_CODIGO,COLOR_CODIGO,CANTIDAD) VALUES ((VALOR),1,4,9,6); 
 VALOR := VALOR + 1;
INSERT INTO DB_FABRICA.INV_INVENTARIO(INVENTARIO_CODIGO,REF_CODIGO,TALLA_CODIGO,COLOR_CODIGO,CANTIDAD) VALUES ((VALOR),1,4,10,6); 
 VALOR := VALOR + 1;
INSERT INTO DB_FABRICA.INV_INVENTARIO(INVENTARIO_CODIGO,REF_CODIGO,TALLA_CODIGO,COLOR_CODIGO,CANTIDAD) VALUES ((VALOR),1,4,11,6); 
 VALOR := VALOR + 1;
INSERT INTO DB_FABRICA.INV_INVENTARIO(INVENTARIO_CODIGO,REF_CODIGO,TALLA_CODIGO,COLOR_CODIGO,CANTIDAD) VALUES ((VALOR),1,4,12,6); 
 VALOR := VALOR + 1;
INSERT INTO DB_FABRICA.INV_INVENTARIO(INVENTARIO_CODIGO,REF_CODIGO,TALLA_CODIGO,COLOR_CODIGO,CANTIDAD) VALUES ((VALOR),1,4,13,6); 
 VALOR := VALOR + 1;
INSERT INTO DB_FABRICA.INV_INVENTARIO(INVENTARIO_CODIGO,REF_CODIGO,TALLA_CODIGO,COLOR_CODIGO,CANTIDAD) VALUES ((VALOR),1,4,14,6); 
 VALOR := VALOR + 1;
INSERT INTO DB_FABRICA.INV_INVENTARIO(INVENTARIO_CODIGO,REF_CODIGO,TALLA_CODIGO,COLOR_CODIGO,CANTIDAD) VALUES ((VALOR),1,4,15,6); 
 VALOR := VALOR + 1;
INSERT INTO DB_FABRICA.INV_INVENTARIO(INVENTARIO_CODIGO,REF_CODIGO,TALLA_CODIGO,COLOR_CODIGO,CANTIDAD) VALUES ((VALOR),1,4,16,6); 
 VALOR := VALOR + 1;
INSERT INTO DB_FABRICA.INV_INVENTARIO(INVENTARIO_CODIGO,REF_CODIGO,TALLA_CODIGO,COLOR_CODIGO,CANTIDAD) VALUES ((VALOR),1,4,17,6); 
 VALOR := VALOR + 1;
INSERT INTO DB_FABRICA.INV_INVENTARIO(INVENTARIO_CODIGO,REF_CODIGO,TALLA_CODIGO,COLOR_CODIGO,CANTIDAD) VALUES ((VALOR),1,4,18,6); 
 VALOR := VALOR + 1;
INSERT INTO DB_FABRICA.INV_INVENTARIO(INVENTARIO_CODIGO,REF_CODIGO,TALLA_CODIGO,COLOR_CODIGO,CANTIDAD) VALUES ((VALOR),1,4,19,6); 
 VALOR := VALOR + 1;
INSERT INTO DB_FABRICA.INV_INVENTARIO(INVENTARIO_CODIGO,REF_CODIGO,TALLA_CODIGO,COLOR_CODIGO,CANTIDAD) VALUES ((VALOR),1,4,20,6); 
 VALOR := VALOR + 1;
INSERT INTO DB_FABRICA.INV_INVENTARIO(INVENTARIO_CODIGO,REF_CODIGO,TALLA_CODIGO,COLOR_CODIGO,CANTIDAD) VALUES ((VALOR),1,4,21,6); 
 VALOR := VALOR + 1;
COMMIT;
 -- todos los colores en XL con capota
INSERT INTO DB_FABRICA.INV_INVENTARIO(INVENTARIO_CODIGO,REF_CODIGO,TALLA_CODIGO,COLOR_CODIGO,CANTIDAD) VALUES ((VALOR),1,5,1,6); 
 VALOR := VALOR + 1;
INSERT INTO DB_FABRICA.INV_INVENTARIO(INVENTARIO_CODIGO,REF_CODIGO,TALLA_CODIGO,COLOR_CODIGO,CANTIDAD) VALUES ((VALOR),1,5,2,6); 
 VALOR := VALOR + 1;
INSERT INTO DB_FABRICA.INV_INVENTARIO(INVENTARIO_CODIGO,REF_CODIGO,TALLA_CODIGO,COLOR_CODIGO,CANTIDAD) VALUES ((VALOR),1,5,3,6); 
 VALOR := VALOR + 1;
INSERT INTO DB_FABRICA.INV_INVENTARIO(INVENTARIO_CODIGO,REF_CODIGO,TALLA_CODIGO,COLOR_CODIGO,CANTIDAD) VALUES ((VALOR),1,5,4,6); 
 VALOR := VALOR + 1;
INSERT INTO DB_FABRICA.INV_INVENTARIO(INVENTARIO_CODIGO,REF_CODIGO,TALLA_CODIGO,COLOR_CODIGO,CANTIDAD) VALUES ((VALOR),1,5,5,6); 
 VALOR := VALOR + 1;
INSERT INTO DB_FABRICA.INV_INVENTARIO(INVENTARIO_CODIGO,REF_CODIGO,TALLA_CODIGO,COLOR_CODIGO,CANTIDAD) VALUES ((VALOR),1,5,6,6); 
 VALOR := VALOR + 1;
INSERT INTO DB_FABRICA.INV_INVENTARIO(INVENTARIO_CODIGO,REF_CODIGO,TALLA_CODIGO,COLOR_CODIGO,CANTIDAD) VALUES ((VALOR),1,5,7,6); 
 VALOR := VALOR + 1;
INSERT INTO DB_FABRICA.INV_INVENTARIO(INVENTARIO_CODIGO,REF_CODIGO,TALLA_CODIGO,COLOR_CODIGO,CANTIDAD) VALUES ((VALOR),1,5,8,6); 
 VALOR := VALOR + 1;
INSERT INTO DB_FABRICA.INV_INVENTARIO(INVENTARIO_CODIGO,REF_CODIGO,TALLA_CODIGO,COLOR_CODIGO,CANTIDAD) VALUES ((VALOR),1,5,9,6); 
 VALOR := VALOR + 1;
INSERT INTO DB_FABRICA.INV_INVENTARIO(INVENTARIO_CODIGO,REF_CODIGO,TALLA_CODIGO,COLOR_CODIGO,CANTIDAD) VALUES ((VALOR),1,5,10,6); 
 VALOR := VALOR + 1;
INSERT INTO DB_FABRICA.INV_INVENTARIO(INVENTARIO_CODIGO,REF_CODIGO,TALLA_CODIGO,COLOR_CODIGO,CANTIDAD) VALUES ((VALOR),1,5,11,6); 
 VALOR := VALOR + 1;
INSERT INTO DB_FABRICA.INV_INVENTARIO(INVENTARIO_CODIGO,REF_CODIGO,TALLA_CODIGO,COLOR_CODIGO,CANTIDAD) VALUES ((VALOR),1,5,12,6); 
 VALOR := VALOR + 1;
INSERT INTO DB_FABRICA.INV_INVENTARIO(INVENTARIO_CODIGO,REF_CODIGO,TALLA_CODIGO,COLOR_CODIGO,CANTIDAD) VALUES ((VALOR),1,5,13,6); 
 VALOR := VALOR + 1;
INSERT INTO DB_FABRICA.INV_INVENTARIO(INVENTARIO_CODIGO,REF_CODIGO,TALLA_CODIGO,COLOR_CODIGO,CANTIDAD) VALUES ((VALOR),1,5,14,6); 
 VALOR := VALOR + 1;
INSERT INTO DB_FABRICA.INV_INVENTARIO(INVENTARIO_CODIGO,REF_CODIGO,TALLA_CODIGO,COLOR_CODIGO,CANTIDAD) VALUES ((VALOR),1,5,15,6); 
 VALOR := VALOR + 1;
INSERT INTO DB_FABRICA.INV_INVENTARIO(INVENTARIO_CODIGO,REF_CODIGO,TALLA_CODIGO,COLOR_CODIGO,CANTIDAD) VALUES ((VALOR),1,5,16,6); 
 VALOR := VALOR + 1;
INSERT INTO DB_FABRICA.INV_INVENTARIO(INVENTARIO_CODIGO,REF_CODIGO,TALLA_CODIGO,COLOR_CODIGO,CANTIDAD) VALUES ((VALOR),1,5,17,6); 
 VALOR := VALOR + 1;
INSERT INTO DB_FABRICA.INV_INVENTARIO(INVENTARIO_CODIGO,REF_CODIGO,TALLA_CODIGO,COLOR_CODIGO,CANTIDAD) VALUES ((VALOR),1,5,18,6); 
 VALOR := VALOR + 1;
INSERT INTO DB_FABRICA.INV_INVENTARIO(INVENTARIO_CODIGO,REF_CODIGO,TALLA_CODIGO,COLOR_CODIGO,CANTIDAD) VALUES ((VALOR),1,5,19,6); 
 VALOR := VALOR + 1;
INSERT INTO DB_FABRICA.INV_INVENTARIO(INVENTARIO_CODIGO,REF_CODIGO,TALLA_CODIGO,COLOR_CODIGO,CANTIDAD) VALUES ((VALOR),1,5,20,6); 
 VALOR := VALOR + 1;
INSERT INTO DB_FABRICA.INV_INVENTARIO(INVENTARIO_CODIGO,REF_CODIGO,TALLA_CODIGO,COLOR_CODIGO,CANTIDAD) VALUES ((VALOR),1,5,21,6); 
 VALOR := VALOR + 1;
COMMIT;
 -- todos los colores en XXL con capota
INSERT INTO DB_FABRICA.INV_INVENTARIO(INVENTARIO_CODIGO,REF_CODIGO,TALLA_CODIGO,COLOR_CODIGO,CANTIDAD) VALUES ((VALOR),1,6,1,6); 
 VALOR := VALOR + 1;
INSERT INTO DB_FABRICA.INV_INVENTARIO(INVENTARIO_CODIGO,REF_CODIGO,TALLA_CODIGO,COLOR_CODIGO,CANTIDAD) VALUES ((VALOR),1,6,2,6); 
 VALOR := VALOR + 1;
INSERT INTO DB_FABRICA.INV_INVENTARIO(INVENTARIO_CODIGO,REF_CODIGO,TALLA_CODIGO,COLOR_CODIGO,CANTIDAD) VALUES ((VALOR),1,6,3,6); 
 VALOR := VALOR + 1;
INSERT INTO DB_FABRICA.INV_INVENTARIO(INVENTARIO_CODIGO,REF_CODIGO,TALLA_CODIGO,COLOR_CODIGO,CANTIDAD) VALUES ((VALOR),1,6,4,6); 
 VALOR := VALOR + 1;
INSERT INTO DB_FABRICA.INV_INVENTARIO(INVENTARIO_CODIGO,REF_CODIGO,TALLA_CODIGO,COLOR_CODIGO,CANTIDAD) VALUES ((VALOR),1,6,5,6); 
 VALOR := VALOR + 1;
INSERT INTO DB_FABRICA.INV_INVENTARIO(INVENTARIO_CODIGO,REF_CODIGO,TALLA_CODIGO,COLOR_CODIGO,CANTIDAD) VALUES ((VALOR),1,6,6,6); 
 VALOR := VALOR + 1;
INSERT INTO DB_FABRICA.INV_INVENTARIO(INVENTARIO_CODIGO,REF_CODIGO,TALLA_CODIGO,COLOR_CODIGO,CANTIDAD) VALUES ((VALOR),1,6,7,6); 
 VALOR := VALOR + 1;
INSERT INTO DB_FABRICA.INV_INVENTARIO(INVENTARIO_CODIGO,REF_CODIGO,TALLA_CODIGO,COLOR_CODIGO,CANTIDAD) VALUES ((VALOR),1,6,8,6); 
 VALOR := VALOR + 1;
INSERT INTO DB_FABRICA.INV_INVENTARIO(INVENTARIO_CODIGO,REF_CODIGO,TALLA_CODIGO,COLOR_CODIGO,CANTIDAD) VALUES ((VALOR),1,6,9,6); 
 VALOR := VALOR + 1;
INSERT INTO DB_FABRICA.INV_INVENTARIO(INVENTARIO_CODIGO,REF_CODIGO,TALLA_CODIGO,COLOR_CODIGO,CANTIDAD) VALUES ((VALOR),1,6,10,6); 
 VALOR := VALOR + 1;
INSERT INTO DB_FABRICA.INV_INVENTARIO(INVENTARIO_CODIGO,REF_CODIGO,TALLA_CODIGO,COLOR_CODIGO,CANTIDAD) VALUES ((VALOR),1,6,11,6); 
 VALOR := VALOR + 1;
INSERT INTO DB_FABRICA.INV_INVENTARIO(INVENTARIO_CODIGO,REF_CODIGO,TALLA_CODIGO,COLOR_CODIGO,CANTIDAD) VALUES ((VALOR),1,6,12,6); 
 VALOR := VALOR + 1;
INSERT INTO DB_FABRICA.INV_INVENTARIO(INVENTARIO_CODIGO,REF_CODIGO,TALLA_CODIGO,COLOR_CODIGO,CANTIDAD) VALUES ((VALOR),1,6,13,6); 
 VALOR := VALOR + 1;
INSERT INTO DB_FABRICA.INV_INVENTARIO(INVENTARIO_CODIGO,REF_CODIGO,TALLA_CODIGO,COLOR_CODIGO,CANTIDAD) VALUES ((VALOR),1,6,14,6); 
 VALOR := VALOR + 1;
INSERT INTO DB_FABRICA.INV_INVENTARIO(INVENTARIO_CODIGO,REF_CODIGO,TALLA_CODIGO,COLOR_CODIGO,CANTIDAD) VALUES ((VALOR),1,6,15,6); 
 VALOR := VALOR + 1;
INSERT INTO DB_FABRICA.INV_INVENTARIO(INVENTARIO_CODIGO,REF_CODIGO,TALLA_CODIGO,COLOR_CODIGO,CANTIDAD) VALUES ((VALOR),1,6,16,6); 
 VALOR := VALOR + 1;
INSERT INTO DB_FABRICA.INV_INVENTARIO(INVENTARIO_CODIGO,REF_CODIGO,TALLA_CODIGO,COLOR_CODIGO,CANTIDAD) VALUES ((VALOR),1,6,17,6); 
 VALOR := VALOR + 1;
INSERT INTO DB_FABRICA.INV_INVENTARIO(INVENTARIO_CODIGO,REF_CODIGO,TALLA_CODIGO,COLOR_CODIGO,CANTIDAD) VALUES ((VALOR),1,6,18,6); 
 VALOR := VALOR + 1;
INSERT INTO DB_FABRICA.INV_INVENTARIO(INVENTARIO_CODIGO,REF_CODIGO,TALLA_CODIGO,COLOR_CODIGO,CANTIDAD) VALUES ((VALOR),1,6,19,6); 
 VALOR := VALOR + 1;
INSERT INTO DB_FABRICA.INV_INVENTARIO(INVENTARIO_CODIGO,REF_CODIGO,TALLA_CODIGO,COLOR_CODIGO,CANTIDAD) VALUES ((VALOR),1,6,20,6); 
 VALOR := VALOR + 1;
INSERT INTO DB_FABRICA.INV_INVENTARIO(INVENTARIO_CODIGO,REF_CODIGO,TALLA_CODIGO,COLOR_CODIGO,CANTIDAD) VALUES ((VALOR),1,6,21,6); 
 VALOR := VALOR + 1;

COMMIT;
END;

/ 
